docs,"[![Documentation Status](https://readthedocs.org/projects/panblack/badge/?version=latest)](https://panblack.readthedocs.io/en/latest/?badge=latest&style=plastic)
[![Documentation Status](https://github.com/ickc/panblack/workflows/GitHub%20Pages/badge.svg)](https://ickc.github.io/panblack)"
tests,"![GitHub Actions](https://github.com/ickc/panblack/workflows/Python%20package/badge.svg)
[![Coverage Status](https://codecov.io/gh/ickc/panblack/branch/master/graphs/badge.svg?branch=master)](https://codecov.io/github/ickc/panblack)
<!--[![Coverage Status](https://coveralls.io/repos/ickc/panblack/badge.svg?branch=master&service=github)](https://coveralls.io/r/ickc/panblack)-->

[![Codacy Code Quality Status](https://img.shields.io/codacy/grade/078ebc537c5747f68c1d4ad3d3594bbf.svg)](https://www.codacy.com/app/ickc/panblack)
[![Scrutinizer Status](https://img.shields.io/scrutinizer/quality/g/ickc/panblack/master.svg)](https://scrutinizer-ci.com/g/ickc/panblack/)
[![CodeClimate Quality Status](https://codeclimate.com/github/ickc/panblack/badges/gpa.svg)](https://codeclimate.com/github/ickc/panblack)"
package,"[![Supported versions](https://img.shields.io/pypi/pyversions/panblack.svg)](https://pypi.org/project/panblack)
[![Supported implementations](https://img.shields.io/pypi/implementation/panblack.svg)](https://pypi.org/project/panblack)
[![PyPI Wheel](https://img.shields.io/pypi/wheel/panblack.svg)](https://pypi.org/project/panblack)

[![PyPI Package latest release](https://img.shields.io/pypi/v/panblack.svg)](https://pypi.org/project/panblack)
[![GitHub Releases](https://img.shields.io/github/tag/ickc/panblack.svg?label=github+release)](https://github.com/ickc/panblack/releases)
[![Development Status](https://img.shields.io/pypi/status/panblack.svg)](https://pypi.python.org/pypi/panblack/)
[![Downloads](https://img.shields.io/pypi/dm/panblack.svg)](https://pypi.python.org/pypi/panblack/)

[![Commits since latest release](https://img.shields.io/github/commits-since/ickc/panblack/v0.1.0.svg)](https://github.com/ickc/panblack/compare/v0.1.0...master)
![License](https://img.shields.io/pypi/l/panblack.svg)"
conda-forge,"[![Conda Recipe](https://img.shields.io/badge/recipe-panblack-green.svg)](https://anaconda.org/conda-forge/panblack)
[![Conda Downloads](https://img.shields.io/conda/dn/conda-forge/panblack.svg)](https://anaconda.org/conda-forge/panblack)
[![Conda Version](https://img.shields.io/conda/vn/conda-forge/panblack.svg)](https://anaconda.org/conda-forge/panblack)
[![Conda Platforms](https://img.shields.io/conda/pn/conda-forge/panblack.svg)](https://anaconda.org/conda-forge/panblack)"